Series Name,Series Code,Country Name,Country Code,2000 [YR2000],2001 [YR2001],2002 [YR2002],2003 [YR2003],2004 [YR2004],2005 [YR2005],2006 [YR2006],2007 [YR2007],2008 [YR2008],2009 [YR2009],2010 [YR2010],2011 [YR2011],2012 [YR2012],2013 [YR2013],2014 [YR2014],2015 [YR2015],2016 [YR2016]
"Current health expenditure per capita, PPP (current international $)",SH.XPD.CHEX.PP.CD,Afghanistan,AFG,..,..,77.79334259,78.92937469,85.64152527,96.39759827,108.88643646,102.59079742,125.53349304,141.78334045,137.521698,136.96844482,143.34844971,161.90438843,181.82261658,191.25151062,208.62599182
"Current health expenditure per capita, PPP (current international $)",SH.XPD.CHEX.PP.CD,Albania,ALB,275.71505737,300.27362061,314.32495117,343.91629028,358.08340454,362.53118896,385.12588501,449.93936157,415.065979,399.46585083,451.50302124,485.58441162,529.62799072,567.60705566,618.11029053,569.07281494,581.35253906
"Current health expenditure per capita, PPP (current international $)",SH.XPD.CHEX.PP.CD,Algeria,DZA,284.81610107,325.46237183,335.02288818,348.65667725,362.73345947,356.58425903,381.80209351,454.63247681,513.39752197,658.89910889,647.59368896,687.2164917,809.01696777,834.37347412,937.9777832,1026.62670898,993.57611084
"Current health expenditure per capita, PPP (current international $)",SH.XPD.CHEX.PP.CD,American Samoa,ASM,..,..,..,..,..,..,..,..,..,..,..,..,..,..,..,..,..
"Current health expenditure per capita, PPP (current international $)",SH.XPD.CHEX.PP.CD,Andorra,AND,1921.06933594,1993.25427246,2195.7277832,2141.03173828,2154.35522461,2435.20703125,2325.57836914,2394.91015625,2630.66186523,2725.12011719,2770.76904297,2565.22631836,2681.18530273,2755.26489258,2888.26171875,3096.1730957,3065.61547852
"Current health expenditure per capita, PPP (current international $)",SH.XPD.CHEX.PP.CD,Angola,AGO,72.30455017,175.00358582,118.66519928,128.24530029,157.84280396,129.92280579,135.58935547,169.45854187,206.73187256,234.12179565,167.91270447,167.90071106,162.25282288,190.76289368,175.23890686,184.9228363,183.32572937
"Current health expenditure per capita, PPP (current international $)",SH.XPD.CHEX.PP.CD,Antigua and Barbuda,ATG,775.6918335,859.09295654,845.58441162,952.87115479,935.61102295,988.20135498,1048.76855469,1112.29150391,1053.96704102,915.74249268,1082.89477539,1081.91125488,1132.76220703,1138.01123047,1268.35083008,1183.78295898,1212.43835449
"Current health expenditure per capita, PPP (current international $)",SH.XPD.CHEX.PP.CD,Argentina,ARG,1095.19689941,1077.79516602,852.25927734,871.66204834,905.59460449,1059.1574707,1171.63903809,1331.45776367,1460.62207031,1584.1998291,1745.16809082,1863.78125,1941.26330566,1992.28222656,1936.51623535,2105.07617188,1815.53039551
"Current health expenditure per capita, PPP (current international $)",SH.XPD.CHEX.PP.CD,Armenia,ARM,97.65171814,121.8019104,230.7771759,254.1229248,244.53248596,279.7635498,328.14041138,363.38153076,482.34994507,534.2088623,606.36566162,658.16558838,698.70617676,826.19354248,855.4899292,883.00427246,876.62646484
"Current health expenditure per capita, PPP (current international $)",SH.XPD.CHEX.PP.CD,Aruba,ABW,..,..,..,..,..,..,..,..,..,..,..,..,..,..,..,..,..
"Current health expenditure per capita, PPP (current international $)",SH.XPD.CHEX.PP.CD,Australia,AUS,2155.09350586,2277.91894531,2438.21826172,2561.37768555,2752.94458008,2841.89135742,3012.49291992,3181.015625,3297.27905273,3553.89819336,3587.32763672,3760.75976563,3778.47363281,4161.62011719,4283.14208984,4388.90527344,4612.80908203
"Current health expenditure per capita, PPP (current international $)",SH.XPD.CHEX.PP.CD,Austria,AUT,2707.86816406,2761.7890625,2935.81860352,3073.54052734,3288.08813477,3381.65991211,3591.53173828,3760.33056641,4024.80249023,4192.42333984,4302.70996094,4465.65917969,4750.58154297,4945.44970703,5082.53710938,5206.01708984,5476.12109375
"Current health expenditure per capita, PPP (current international $)",SH.XPD.CHEX.PP.CD,Azerbaijan,AZE,107.04458618,111.33914948,121.5560379,135.18013,146.262146,162.01104736,202.97012329,249.09695435,270.5506897,397.34564209,396.46505737,386.54208374,481.71813965,524.55303955,603.29382324,740.12805176,704.61975098
"Current health expenditure per capita, PPP (current international $)",SH.XPD.CHEX.PP.CD,"Bahamas, The",BHS,998.27081299,1063.63293457,1060.33251953,1104.76342773,1131.15783691,1179.67651367,1306.84313965,1393.64990234,1473.50976563,1481.41821289,1529.69787598,1570.75830078,1630.54553223,1676.99060059,1729.07275391,1598.91992188,1733.27404785
"Current health expenditure per capita, PPP (current international $)",SH.XPD.CHEX.PP.CD,Bahrain,BHR,1273.77539063,1344.86560059,1370.40527344,1449.34411621,1301.07495117,1222.31237793,1199.63415527,1331.33239746,1332.5880127,1599.34655762,1527.16796875,1436.78479004,1714.59399414,1907.55932617,2041.80371094,2333.83544922,2293.84057617
"Current health expenditure per capita, PPP (current international $)",SH.XPD.CHEX.PP.CD,Bangladesh,BGD,28.57949066,29.5722599,33.49920273,35.6379509,38.64549637,43.11886597,47.78532028,53.44993591,55.53520584,59.82237625,66.13795471,73.19186401,78.18016052,80.5224762,86.07568359,91.09870148,91.44863129
"Current health expenditure per capita, PPP (current international $)",SH.XPD.CHEX.PP.CD,Barbados,BRB,665.48632813,685.54077148,742.04846191,877.70465088,997.00714111,985.12573242,1059.88122559,1015.27819824,1112.11584473,1171.83947754,1095.03100586,1126.06079102,1289.7598877,1244.7434082,1179.97460938,1175.32092285,1196.60107422
"Current health expenditure per capita, PPP (current international $)",SH.XPD.CHEX.PP.CD,Belarus,BLR,332.96496582,387.32723999,409.86572266,461.65945435,528.74804688,634.74261475,663.61846924,758.67218018,794.85266113,792.07446289,885.42687988,841.92614746,938.76928711,1046.92993164,1025.63427734,1121.33251953,1076.04431152
"Current health expenditure per capita, PPP (current international $)",SH.XPD.CHEX.PP.CD,Belgium,BEL,2226.01098633,2352.49536133,2524.57861328,2850.66943359,3007.65966797,3082.63745117,3237.81542969,3382.28417969,3663.81152344,3928.75708008,4100.81152344,4269.34912109,4455.87548828,4621.21923828,4702.52832031,4834.50537109,5006.81152344
"Current health expenditure per capita, PPP (current international $)",SH.XPD.CHEX.PP.CD,Belize,BLZ,213.28111267,259.64031982,273.6546936,290.91342163,295.73370361,304.68624878,325.77716064,382.15142822,418.84921265,421.29251099,428.72518921,439.98184204,431.94390869,447.26596069,508.33712769,498.00485229,506.73727417
"Current health expenditure per capita, PPP (current international $)",SH.XPD.CHEX.PP.CD,Benin,BEN,56.16122055,61.42473984,59.31838226,60.51356888,63.78672409,61.97473145,65.26267242,67.22366333,65.10709381,68.3843689,72.91654968,76.97596741,88.26925659,78.37780762,77.08349609,84.71581268,83.11923218
"Current health expenditure per capita, PPP (current international $)",SH.XPD.CHEX.PP.CD,Bermuda,BMU,..,..,..,..,..,..,..,..,..,..,..,..,..,..,..,..,..
"Current health expenditure per capita, PPP (current international $)",SH.XPD.CHEX.PP.CD,Bhutan,BTN,113.59531403,134.72257996,135.14002991,133.62219238,159.86906433,154.24082947,179.45231628,194.77662659,176.18283081,195.64324951,213.82527161,220.28024292,254.43423462,275.25076294,271.78097534,311.71459961,316.98406982
"Current health expenditure per capita, PPP (current international $)",SH.XPD.CHEX.PP.CD,Bolivia,BOL,152.8843689,171.10694885,177.40185547,193.38546753,190.10368347,209.79429626,204.45280457,217.45069885,226.92636108,261.06848145,271.98336792,285.79812622,306.04980469,347.37295532,388.74661255,450.84698486,488.43505859
"Current health expenditure per capita, PPP (current international $)",SH.XPD.CHEX.PP.CD,Bosnia and Herzegovina,BIH,351.08309937,347.83120728,369.36331177,437.11486816,538.67602539,571.52209473,657.94519043,757.85986328,856.49432373,814.13098145,842.41760254,914.95495605,976.74487305,1043.73620605,1081.14465332,1121.93054199,1183.36657715
"Current health expenditure per capita, PPP (current international $)",SH.XPD.CHEX.PP.CD,Botswana,BWA,497.0067749,527.89971924,582.83380127,587.1295166,570.83233643,523.70880127,544.26983643,661.80560303,760.84606934,783.46905518,803.0112915,799.44329834,894.07214355,1015.19561768,956.80114746,957.69403076,962.80157471
"Current health expenditure per capita, PPP (current international $)",SH.XPD.CHEX.PP.CD,Brazil,BRA,756.277771,792.91442871,833.33392334,798.25860596,849.91070557,884.29144287,961.84454346,1030.82226563,1068.07592773,1115.53820801,1137.77709961,1173.05395508,1199.64550781,1285.14575195,1373.52258301,1402.70544434,1411.1307373
"Current health expenditure per capita, PPP (current international $)",SH.XPD.CHEX.PP.CD,British Virgin Islands,VGB,..,..,..,..,..,..,..,..,..,..,..,..,..,..,..,..,..
"Current health expenditure per capita, PPP (current international $)",SH.XPD.CHEX.PP.CD,Brunei Darussalam,BRN,1843.73803711,1895.74780273,1952.14343262,2062.41479492,2051.38183594,1829.93115234,1657.08825684,1713.05371094,1635.43884277,2040.73583984,1797.72729492,1537.93493652,1549.66906738,1561.61962891,1546.49401855,1913.91442871,1991.09533691
"Current health expenditure per capita, PPP (current international $)",SH.XPD.CHEX.PP.CD,Bulgaria,BGR,373.48699951,469.3354187,549.13562012,603.00109863,631.175354,706.36175537,740.89672852,785.61712646,898.34094238,932.70513916,1057.45031738,1115.25927734,1227.33190918,1185.875,1349.41101074,1355.19543457,1468.17285156
"Current health expenditure per capita, PPP (current international $)",SH.XPD.CHEX.PP.CD,Burkina Faso,BFA,28.39498901,29.65711784,31.18543625,35.18979645,49.19689178,50.13916779,60.86587906,74.28504944,70.00760651,77.0421524,82.16275024,77.01906586,80.29116821,101.40352631,94.0557251,99.31606293,124.58349609
"Current health expenditure per capita, PPP (current international $)",SH.XPD.CHEX.PP.CD,Burundi,BDI,35.28666306,37.30187607,38.9274025,37.06985855,47.16102219,51.97935867,64.50072479,70.56085205,63.70123672,72.02082062,81.04503632,74.43910217,65.00936127,67.35009766,60.66466522,48.66255188,59.09829712
"Current health expenditure per capita, PPP (current international $)",SH.XPD.CHEX.PP.CD,Cabo Verde,CPV,150.27633667,165.41452026,174.20477295,172.37635803,188.86688232,203.30047607,233.36195374,227.78627014,209.292099,222.84664917,260.55621338,262.72506714,318.66387939,332.52377319,338.96832275,309.09405518,325.05712891
"Current health expenditure per capita, PPP (current international $)",SH.XPD.CHEX.PP.CD,Cambodia,KHM,71.60393524,83.11769867,91.1519165,95.12265778,108.24923706,120.22706604,120.63535309,107.77528381,155.51541138,177.49172974,170.76766968,199.44856262,207.67965698,218.32444763,221.19340515,217.65731812,228.93753052
"Current health expenditure per capita, PPP (current international $)",SH.XPD.CHEX.PP.CD,Cameroon,CMR,87.67453766,86.83039093,93.85578918,96.71569061,97.11582947,101.41737366,103.48618317,106.5905304,105.65140533,103.51366425,105.91243744,117.06087494,123.06604767,119.36778259,130.828125,129.06324768,132.27253723
"Current health expenditure per capita, PPP (current international $)",SH.XPD.CHEX.PP.CD,Canada,CAN,2429.59179688,2617.79223633,2758.29760742,2928.47949219,3086.68823242,3290.41967773,3554.80078125,3717.99462891,3855.40722656,4140.42578125,4256.97802734,4273.02832031,4384.10888672,4552.95996094,4659.98144531,4729.48681641,4908.84179688
"Current health expenditure per capita, PPP (current international $)",SH.XPD.CHEX.PP.CD,Cayman Islands,CYM,..,..,..,..,..,..,..,..,..,..,..,..,..,..,..,..,..
"Current health expenditure per capita, PPP (current international $)",SH.XPD.CHEX.PP.CD,Central African Republic,CAF,27.71577263,26.94804955,30.17386627,30.34997559,31.76545715,33.42503357,35.94737244,39.98856354,35.1823349,43.48772812,35.13772964,36.95798111,39.31394577,33.11423111,34.89954376,37.49248123,42.5126915
"Current health expenditure per capita, PPP (current international $)",SH.XPD.CHEX.PP.CD,Chad,TCD,48.73456573,51.93267059,75.61090851,64.4280777,85.00637054,77.39698792,77.85208893,71.30908203,67.69852448,75.25681305,76.32644653,72.53703308,76.88246155,84.34866333,93.51703644,99.15447235,99.77900696
"Current health expenditure per capita, PPP (current international $)",SH.XPD.CHEX.PP.CD,Channel Islands,CHI,..,..,..,..,..,..,..,..,..,..,..,..,..,..,..,..,..
"Current health expenditure per capita, PPP (current international $)",SH.XPD.CHEX.PP.CD,Chile,CHL,672.11029053,713.14837646,750.80279541,795.02722168,815.20770264,839.83605957,950.77807617,1046.22192383,1112.30090332,1164.97570801,1230.44287109,1377.5559082,1510.03894043,1670.55578613,1779.02233887,1883.7154541,1949.35327148
"Current health expenditure per capita, PPP (current international $)",SH.XPD.CHEX.PP.CD,China,CHN,128.89227295,133.81384277,152.06233215,170.95053101,186.58056641,208.24893188,227.05126953,246.74053955,289.57061768,354.43981934,381.29370117,435.69012451,505.14099121,571.62176514,631.44866943,701.93835449,759.18621826
"Current health expenditure per capita, PPP (current international $)",SH.XPD.CHEX.PP.CD,Colombia,COL,352.98864746,383.47091675,382.18060303,410.96151733,442.33764648,506.34091187,574.01983643,637.12780762,698.42938232,750.89233398,760.16381836,791.1361084,825.57714844,905.24475098,978.56622314,1053.73693848,1073.8338623
"Current health expenditure per capita, PPP (current international $)",SH.XPD.CHEX.PP.CD,Comoros,COM,134.37310791,123.81160736,128.18678284,123.05472565,121.03367615,123.53874207,122.4730072,120.66730499,119.15023804,117.57052612,121.082901,134.01780701,118.27780914,120.90048981,121.62255859,129.09872437,129.74902344
"Current health expenditure per capita, PPP (current international $)",SH.XPD.CHEX.PP.CD,"Congo, Dem. Rep.",COD,6.62343693,11.5792799,11.51999569,17.47947693,21.57100677,21.9807663,23.87996483,24.87830925,30.08571815,27.43423653,24.23534393,21.95619202,23.76433182,27.4029007,33.00378799,34.64826202,37.93149948
"Current health expenditure per capita, PPP (current international $)",SH.XPD.CHEX.PP.CD,"Congo, Rep.",COG,62.28810501,90.06743622,73.4539566,82.64886475,84.81798553,81.3602066,81.8476944,89.10847473,102.1623764,105.66778564,105.62656403,101.68339539,136.34182739,140.39312744,149.82058716,207.89578247,173.99617004
"Current health expenditure per capita, PPP (current international $)",SH.XPD.CHEX.PP.CD,Costa Rica,CRI,513.43292236,525.79449463,576.11865234,611.2467041,614.04425049,651.91363525,739.47467041,817.6796875,919.83221436,953.50921631,1025.91491699,1093.24145508,1111.21472168,1136.6496582,1187.56787109,1221.21716309,1226.34350586
"Current health expenditure per capita, PPP (current international $)",SH.XPD.CHEX.PP.CD,Cote d'Ivoire,CIV,133.19380188,113.9005127,102.02708435,103.69831848,119.83232117,126.24952698,140.67373657,157.21076965,161.26701355,160.41552734,159.81350708,153.39576721,168.16824341,152.63772583,165.60681152,152.31292725,166.27754211
"Current health expenditure per capita, PPP (current international $)",SH.XPD.CHEX.PP.CD,Croatia,HRV,811.18200684,836.53192139,784.14013672,860.97857666,954.58221436,1056.76672363,1215.81677246,1443.33508301,1604.32836914,1633.33129883,1598.63818359,1612.71789551,1644.48266602,1420.1072998,1475.16064453,1553.76196289,1667.58532715
"Current health expenditure per capita, PPP (current international $)",SH.XPD.CHEX.PP.CD,Cuba,CUB,547.91278076,639.14074707,711.3026123,756.96990967,748.34783936,1069.45849609,1291.40063477,1842.79187012,1974.97924805,2192.34301758,2041.55041504,2170.57983398,1888.16357422,2228.87915039,2706.48632813,3180.3605957,2493.62792969
"Current health expenditure per capita, PPP (current international $)",SH.XPD.CHEX.PP.CD,Curacao,CUW,..,..,..,..,..,..,..,..,..,..,..,..,..,..,..,..,..
"Current health expenditure per capita, PPP (current international $)",SH.XPD.CHEX.PP.CD,Cyprus,CYP,1135.92248535,1228.19836426,1330.5057373,1375.59912109,1411.04785156,1520.42175293,1653.52392578,1781.29589844,2122.58764648,2221.73852539,2205.68261719,2176.95727539,2091.35473633,2100.02197266,2077.86743164,2198.68701172,2358.55737305
"Current health expenditure per capita, PPP (current international $)",SH.XPD.CHEX.PP.CD,Czech Republic,CZE,923.64324951,1031.98852539,1127.0559082,1273.44470215,1328.35302734,1402.73718262,1475.28820801,1578.52148438,1777.90515137,2016.29541016,1919.07458496,2010.95739746,2042.60461426,2379.50756836,2472.17553711,2441.99023438,2521.82177734
"Current health expenditure per capita, PPP (current international $)",SH.XPD.CHEX.PP.CD,Denmark,DNK,2327.61767578,2492.47583008,2670.24316406,2744.73413086,2968.02075195,3109.04907227,3425.16699219,3643.18432617,3938.90771484,4318.35107422,4456.9453125,4516.29785156,4597.62304688,4762.36132813,4886.55126953,5038.36425781,5291.38134766
"Current health expenditure per capita, PPP (current international $)",SH.XPD.CHEX.PP.CD,Djibouti,DJI,70.50154877,68.57417297,90.1967926,103.31958008,89.74608612,91.17922974,104.8844986,109.35729218,108.74791718,110.61471558,109.36352539,130.03160095,133.52755737,124.07861328,135.03372192,149.82797241,141.19355774
"Current health expenditure per capita, PPP (current international $)",SH.XPD.CHEX.PP.CD,Dominica,DMA,348.51504517,310.78555298,306.50878906,344.39581299,355.25283813,385.63504028,398.96722412,436.14257813,501.59469604,493.00332642,519.09539795,546.87469482,598.47143555,555.83770752,581.8125,563.03369141,578.3104248
"Current health expenditure per capita, PPP (current international $)",SH.XPD.CHEX.PP.CD,Dominican Republic,DOM,322.15567017,332.15979004,354.92315674,309.46115112,314.04385376,354.96829224,361.40182495,414.55541992,483.68380737,523.11108398,621.15057373,656.04937744,705.03088379,728.28857422,783.46875,841.99737549,904.42120361
"Current health expenditure per capita, PPP (current international $)",SH.XPD.CHEX.PP.CD,Ecuador,ECU,194.09249878,228.37896729,283.009552,354.27297974,396.10687256,425.02035522,458.34024048,487.75973511,515.8538208,569.31463623,649.11578369,777.36834717,888.94116211,944.01867676,990.07873535,981.82788086,930.98205566
"Current health expenditure per capita, PPP (current international $)",SH.XPD.CHEX.PP.CD,"Egypt, Arab Rep.",EGY,309.08343506,352.02005005,366.65896606,358.63146973,349.9637146,375.20797729,399.13769531,395.92837524,426.93692017,433.30648804,428.58856201,457.34985352,479.17391968,508.47640991,532.7286377,583.76031494,605.82324219
"Current health expenditure per capita, PPP (current international $)",SH.XPD.CHEX.PP.CD,El Salvador,SLV,398.58346558,403.63000488,411.84643555,405.82339478,422.93054199,442.63406372,444.87011719,446.63845825,466.66946411,502.32254028,506.72921753,528.78588867,510.68508911,541.42144775,555.84436035,568.72210693,593.14794922
"Current health expenditure per capita, PPP (current international $)",SH.XPD.CHEX.PP.CD,Equatorial Guinea,GNQ,206.43681335,351.76779175,434.92196655,532.19378662,572.98413086,421.87973022,454.70306396,531.72161865,709.55175781,697.56195068,605.50610352,537.8805542,462.165802,641.11749268,735.56829834,862.71844482,824.87493896
"Current health expenditure per capita, PPP (current international $)",SH.XPD.CHEX.PP.CD,Eritrea,ERI,74.65795898,82.19332123,93.0256424,96.51086426,91.8680954,91.52981567,90.3894577,70.56207275,68.90901947,64.23025513,64.64215088,86.84365082,64.56534576,77.03991699,82.62388611,72.26915741,61.5771637
"Current health expenditure per capita, PPP (current international $)",SH.XPD.CHEX.PP.CD,Estonia,EST,485.08102417,491.65905762,546.90863037,635.64453125,741.41253662,838.36877441,917.68505859,1102.96923828,1302.35705566,1340.14611816,1365.05725098,1426.67285156,1513.63830566,1649.7253418,1769.96166992,1866.38952637,2009.14257813
"Current health expenditure per capita, PPP (current international $)",SH.XPD.CHEX.PP.CD,Eswatini,SWZ,226.12063599,258.23440552,292.71020508,356.3757019,403.775177,475.72860718,548.19061279,591.99108887,674.93737793,668.38787842,693.61224365,709.00280762,698.41033936,698.92529297,694.17492676,690.07104492,674.52062988
"Current health expenditure per capita, PPP (current international $)",SH.XPD.CHEX.PP.CD,Ethiopia,ETH,21.56564522,25.10711861,25.1006794,25.27506828,25.25160408,26.90855408,32.47278976,40.56086731,38.14111328,44.15262222,57.54932404,51.91085815,56.76084137,55.73523331,60.26792526,62.00055313,62.86778259
"Current health expenditure per capita, PPP (current international $)",SH.XPD.CHEX.PP.CD,Faroe Islands,FRO,..,..,..,..,..,..,..,..,..,..,..,..,..,..,..,..,..
"Current health expenditure per capita, PPP (current international $)",SH.XPD.CHEX.PP.CD,Fiji,FJI,197.04139709,173.64987183,186.61422729,191.12095642,225.95681763,233.50428772,249.99804688,257.05334473,244.18440247,266.82073975,266.58071899,256.03869629,274.42651367,286.46136475,299.21148682,311.60440063,317.17480469
"Current health expenditure per capita, PPP (current international $)",SH.XPD.CHEX.PP.CD,Finland,FIN,1896.12402344,2011.46582031,2176.56787109,2297.39990234,2505.60009766,2649.95751953,2844.7980957,3050.3190918,3340.42211914,3479.86230469,3562.18017578,3772.53613281,3917.43334961,4068.5390625,4084.43017578,4098.91699219,4211.66210938
"Current health expenditure per capita, PPP (current international $)",SH.XPD.CHEX.PP.CD,France,FRA,2516.77026367,2685.7746582,2876.4597168,2854.96850586,2970.66333008,3135.5559082,3391.29711914,3541.95410156,3710.45581055,3942.99267578,4061.24902344,4217.53564453,4287.72998047,4547.42578125,4659.23779297,4691.53369141,4942.75683594
"Current health expenditure per capita, PPP (current international $)",SH.XPD.CHEX.PP.CD,French Polynesia,PYF,..,..,..,..,..,..,..,..,..,..,..,..,..,..,..,..,..
"Current health expenditure per capita, PPP (current international $)",SH.XPD.CHEX.PP.CD,Gabon,GAB,438.77713013,455.65634155,476.30337524,514.17559814,488.24783325,437.69152832,455.21774292,490.04299927,415.35513306,561.3637085,376.04919434,409.51904297,400.34622192,486.25262451,444.46569824,473.5430603,554.40899658
"Current health expenditure per capita, PPP (current international $)",SH.XPD.CHEX.PP.CD,"Gambia, The",GMB,167.19963074,167.77209473,187.06802368,188.69024658,118.14186096,114.79042053,114.87889099,107.75696564,106.44047546,105.95664978,101.69009399,98.24365234,99.52353668,93.51011658,86.15175629,75.47995758,75.9103775
"Current health expenditure per capita, PPP (current international $)",SH.XPD.CHEX.PP.CD,Georgia,GEO,202.75460815,219.6652832,258.85205078,302.28741455,331.85546875,375.85302734,402.30422974,455.5668335,543.3848877,601.01507568,598.94146729,582.62225342,637.0032959,660.33221436,706.61920166,692.76098633,778.03033447
"Current health expenditure per capita, PPP (current international $)",SH.XPD.CHEX.PP.CD,Germany,DEU,2691.4387207,2818.55883789,2973.17578125,3107.49926758,3175.63745117,3277.19799805,3471.18798828,3641.59936523,3870.04907227,4133.01025391,4320.84082031,4587.42529297,4708.95410156,4953.15527344,5192.50537109,5355.32421875,5573.71630859
"Current health expenditure per capita, PPP (current international $)",SH.XPD.CHEX.PP.CD,Ghana,GHA,121.99744415,142.44526672,131.0065155,137.5007019,148.25946045,203.06248474,133.37159729,138.96734619,152.78381348,175.40867615,186.0814209,216.71199036,206.7341156,180.7441864,164.27209473,186.92120361,143.15853882
"Current health expenditure per capita, PPP (current international $)",SH.XPD.CHEX.PP.CD,Gibraltar,GIB,..,..,..,..,..,..,..,..,..,..,..,..,..,..,..,..,..
"Current health expenditure per capita, PPP (current international $)",SH.XPD.CHEX.PP.CD,Greece,GRC,1417.7779541,1678.57568359,1864.49755859,2019.09960938,2061.64819336,2194.10546875,2358.68310547,2462.73828125,2728.05200195,2859.59790039,2678.99755859,2356.13696289,2214.8059082,2163.44165039,2100.16992188,2149.34130859,2238.9284668
"Current health expenditure per capita, PPP (current international $)",SH.XPD.CHEX.PP.CD,Greenland,GRL,..,..,..,..,..,..,..,..,..,..,..,..,..,..,..,..,..
"Current health expenditure per capita, PPP (current international $)",SH.XPD.CHEX.PP.CD,Grenada,GRD,406.68035889,425.63275146,489.3243103,465.26013184,480.41033936,536.40905762,525.72698975,585.52050781,618.0680542,584.89538574,584.70922852,640.68066406,643.73217773,643.43035889,593.05688477,617.15289307,614.70019531
"Current health expenditure per capita, PPP (current international $)",SH.XPD.CHEX.PP.CD,Guam,GUM,..,..,..,..,..,..,..,..,..,..,..,..,..,..,..,..,..
"Current health expenditure per capita, PPP (current international $)",SH.XPD.CHEX.PP.CD,Guatemala,GTM,244.96876526,315.93994141,322.67947388,336.18533325,350.48596191,355.74371338,390.67462158,402.37734985,407.64028931,412.09817505,404.4276123,406.31689453,422.92913818,412.66464233,438.15826416,456.17819214,464.53933716
"Current health expenditure per capita, PPP (current international $)",SH.XPD.CHEX.PP.CD,Guinea,GIN,77.33316803,82.42925262,95.95030975,87.61129761,90.22383118,88.33000183,52.46367264,53.49439621,52.75217056,56.32722473,55.94775009,65.23576355,61.60451508,65.07161713,92.91739655,115.39107513,116.96725464
"Current health expenditure per capita, PPP (current international $)",SH.XPD.CHEX.PP.CD,Guinea-Bissau,GNB,75.24308777,71.17668915,68.29579163,73.5620575,89.39678192,88.43443298,89.2438736,95.97375488,93.01377106,95.14302826,90.63152313,92.43981934,84.71400452,104.17707062,143.34269714,135.26445007,126.16296387
"Current health expenditure per capita, PPP (current international $)",SH.XPD.CHEX.PP.CD,Guyana,GUY,243.08026123,245.07107544,266.46151733,275.625,312.92468262,333.42715454,237.88269043,277.89300537,291.83877563,304.1746521,332.88290405,340.40008545,336.17254639,363.09259033,387.97689819,406.20458984,404.34332275
"Current health expenditure per capita, PPP (current international $)",SH.XPD.CHEX.PP.CD,Haiti,HTI,93.81253052,89.52986145,80.91612244,78.34844208,77.48604584,75.34593964,77.98433685,87.37458038,90.13020325,94.51832581,120.4519043,160.55036926,156.7504425,122.22141266,136.48884583,152.38365173,150.78027344
"Current health expenditure per capita, PPP (current international $)",SH.XPD.CHEX.PP.CD,Honduras,HND,164.75405884,159.32286072,172.30163574,197.40286255,209.05513,244.25010681,274.66610718,301.07391357,333.08691406,335.26226807,334.40353394,350.31204224,359.27041626,361.394104,348.090271,339.47470093,360.17871094
"Current health expenditure per capita, PPP (current international $)",SH.XPD.CHEX.PP.CD,"Hong Kong SAR, China",HKG,..,..,..,..,..,..,..,..,..,..,..,..,..,..,..,..,..
"Current health expenditure per capita, PPP (current international $)",SH.XPD.CHEX.PP.CD,Hungary,HUN,802.87536621,900.85308838,1032.77502441,1254.00598145,1259.80566406,1364.59936523,1427.43591309,1372.69396973,1467.76757813,1496.83361816,1618.28845215,1720.48937988,1722.2578125,1773.08557129,1808.3972168,1834.95361328,1949.05249023
"Current health expenditure per capita, PPP (current international $)",SH.XPD.CHEX.PP.CD,Iceland,ISL,2666.73071289,2822.03808594,3110.16259766,3272.38623047,3381.32373047,3426.03393555,3498.62109375,3627.29223633,3798.19482422,3744.6652832,3352.71362305,3317.45214844,3383.85449219,3592.39331055,3770.97680664,3979.375,4314.76123047
"Current health expenditure per capita, PPP (current international $)",SH.XPD.CHEX.PP.CD,India,IND,88.54707336,98.49325562,101.57540894,103.7686615,111.7201767,117.16109467,122.23664856,129.92012024,134.83255005,142.79072571,145.46598816,150.12916565,163.45767212,196.93147278,205.69075012,220.55366516,232.94697571
"Current health expenditure per capita, PPP (current international $)",SH.XPD.CHEX.PP.CD,Indonesia,IDN,95.95162201,114.15444946,111.78432465,133.23760986,133.83183289,171.2157135,189.89157104,220.27262878,214.72418213,224.93804932,245.29577637,261.82504272,274.17501831,296.35253906,329.48696899,330.91113281,358.07778931
"Current health expenditure per capita, PPP (current international $)",SH.XPD.CHEX.PP.CD,"Iran, Islamic Rep.",IRN,510.01556396,562.31469727,553.63439941,652.4977417,690.02032471,756.52496338,795.2723999,835.70245361,882.47827148,1092.22302246,1189.32507324,1209.71862793,1129.15625,1021.58966064,1223.49963379,1348.2097168,1727.06530762
"Current health expenditure per capita, PPP (current international $)",SH.XPD.CHEX.PP.CD,Iraq,IRQ,..,..,..,181.93865967,355.69250488,282.16726685,262.61651611,344.74984741,365.51040649,463.02990723,416.25402832,382.24243164,412.19229126,454.86938477,446.06002808,502.3175354,583.78643799
"Current health expenditure per capita, PPP (current international $)",SH.XPD.CHEX.PP.CD,Ireland,IRL,1795.53442383,2100.93530273,2369.66894531,2560.51660156,2822.62646484,3128.88818359,3372.33935547,3697.59887695,4059.45043945,4381.68017578,4561.2578125,4813.00146484,4954.57910156,4948.54980469,4962.42431641,5079.22607422,5365.20166016
"Current health expenditure per capita, PPP (current international $)",SH.XPD.CHEX.PP.CD,Isle of Man,IMN,..,..,..,..,..,..,..,..,..,..,..,..,..,..,..,..,..
"Current health expenditure per capita, PPP (current international $)",SH.XPD.CHEX.PP.CD,Israel,ISR,1793.63647461,1913.07971191,1920.09472656,1799.45812988,1886.62255859,1877.49621582,1873.9395752,1984.8302002,1989.9810791,2023.2520752,2101.57836914,2210.54223633,2342.50756836,2518.75244141,2560.2097168,2645.08935547,2852.71166992
"Current health expenditure per capita, PPP (current international $)",SH.XPD.CHEX.PP.CD,Italy,ITA,2049.43066406,2170.55786133,2263.52441406,2291.76147461,2419.03344727,2516.80322266,2738.93994141,2785.30493164,3040.12280273,3103.13623047,3139.1081543,3211.95605469,3212.63549805,3216.07177734,3210.07373047,3265.52246094,3416.69677734
"Current health expenditure per capita, PPP (current international $)",SH.XPD.CHEX.PP.CD,Jamaica,JAM,356.66372681,334.92340088,317.20007324,296.03677368,348.66766357,341.34442139,333.21704102,436.65255737,463.38464355,407.61776733,415.87304688,424.91333008,399.1210022,411.59884644,437.76760864,483.53540039,500.21289063
"Current health expenditure per capita, PPP (current international $)",SH.XPD.CHEX.PP.CD,Japan,JPN,1908.95996094,2012.81750488,2097.13427734,2195.60717773,2315.77514648,2453.00952148,2572.18847656,2711.88183594,2842.77124023,2995.34155273,3191.90722656,3778.41430664,3988.36352539,4177.43408203,4214.34863281,4368.33300781,4304.609375
"Current health expenditure per capita, PPP (current international $)",SH.XPD.CHEX.PP.CD,Jordan,JOR,552.64428711,598.77416992,616.7074585,604.50854492,649.56964111,688.61791992,670.81097412,735.42126465,808.86999512,887.57080078,769.95245361,759.76190186,721.58776855,659.17041016,667.2220459,687.82141113,662.08984375
"Current health expenditure per capita, PPP (current international $)",SH.XPD.CHEX.PP.CD,Kazakhstan,KAZ,328.58978271,318.24514771,368.04122925,418.58178711,499.02362061,547.46643066,538.6237793,474.51339722,558.05157471,645.59082031,540.97930908,555.93774414,682.23675537,634.75,740.80737305,762.60748291,864.57446289
"Current health expenditure per capita, PPP (current international $)",SH.XPD.CHEX.PP.CD,Kenya,KEN,86.1667099,92.6365509,95.35327911,101.79327393,110.10469055,116.16540527,122.23605347,133.20227051,133.55918884,134.76249695,145.94364929,146.21820068,146.55874634,151.23342896,156.52455139,155.959198,160.49085999
"Current health expenditure per capita, PPP (current international $)",SH.XPD.CHEX.PP.CD,Kiribati,KIR,136.85792542,193.20588684,193.51165771,176.82650757,204.01646423,201.02586365,203.02308655,205.00952148,247.04463196,234.94192505,157.81335449,150.01615906,158.26455688,182.03128052,190.22084045,168.72657776,206.15563965
"Current health expenditure per capita, PPP (current international $)",SH.XPD.CHEX.PP.CD,"Korea, Dem. People's Rep.",PRK,..,..,..,..,..,..,..,..,..,..,..,..,..,..,..,..,..
"Current health expenditure per capita, PPP (current international $)",SH.XPD.CHEX.PP.CD,"Korea, Rep.",KOR,717.38903809,865.80914307,884.57165527,969.06884766,1035.08190918,1150.74938965,1316.81884766,1475.73522949,1612.57958984,1712.75048828,1878.5135498,1961.46411133,2063.65405273,2143.08325195,2293.31298828,2531.3984375,2748.36791992
"Current health expenditure per capita, PPP (current international $)",SH.XPD.CHEX.PP.CD,Kosovo,XKX,..,..,..,..,..,..,..,..,..,..,..,..,..,..,..,..,..
"Current health expenditure per capita, PPP (current international $)",SH.XPD.CHEX.PP.CD,Kuwait,KWT,1410.12011719,2014.10302734,2054.00683594,2195.10913086,2083.18286133,1985.98925781,1993.67834473,1947.3873291,1738.42407227,3067.05102539,2035.18212891,2042.69238281,2064.4206543,2026.9576416,2452.65063477,3012.71801758,3051.08666992
"Current health expenditure per capita, PPP (current international $)",SH.XPD.CHEX.PP.CD,Kyrgyz Republic,KGZ,72.53806305,75.00582123,81.32377625,111.94150543,130.37646484,160.03256226,187.83921814,172.58898926,177.11882019,191.23248291,190.85325623,207.45074463,247.9826355,264.08877563,246.6138916,246.79919434,228.97999573
"Current health expenditure per capita, PPP (current international $)",SH.XPD.CHEX.PP.CD,Lao PDR,LAO,87.69218445,95.90525055,91.86670685,118.19755554,101.27951813,103.24675751,101.44110107,117.89270782,108.40247345,146.0526886,126.65745544,89.33415985,100.99059296,126.40692139,130.77818298,149.08296204,152.82530212
"Current health expenditure per capita, PPP (current international $)",SH.XPD.CHEX.PP.CD,Latvia,LVA,434.38009644,518.50115967,578.26184082,602.39752197,756.37872314,807.58197021,899.73242188,1000.56054688,1085.89611816,1028.87219238,1068.70056152,1093.87268066,1146.01062012,1217.72644043,1296.14941406,1405.77844238,1630.90881348
"Current health expenditure per capita, PPP (current international $)",SH.XPD.CHEX.PP.CD,Lebanon,LBN,902.10571289,896.86535645,790.12664795,729.61791992,727.70526123,707.30444336,838.10003662,927.94763184,942.63000488,929.00317383,1050.34130859,1127.75427246,1079.73791504,1009.06738281,1024.08911133,974.92407227,1012.60113525
"Current health expenditure per capita, PPP (current international $)",SH.XPD.CHEX.PP.CD,Lesotho,LSO,78.36423492,88.75691223,82.63246155,83.12494659,85.47113037,82.50979614,98.62727356,149.54708862,167.12940979,200.3475647,187.74650574,231.43228149,243.91612244,267.38497925,264.1552124,260.30361938,254.09068298
"Current health expenditure per capita, PPP (current international $)",SH.XPD.CHEX.PP.CD,Liberia,LBR,1747.57983398,1699.61083984,1884.8092041,1445.07434082,3424.34985352,4289.29736328,3907.79589844,5607.62597656,4810.74609375,6761.43798828,6838.64892578,7693.83203125,7796.31982422,8430.73828125,10081.2578125,11659.03125,11743.43652344
"Current health expenditure per capita, PPP (current international $)",SH.XPD.CHEX.PP.CD,Libya,LBY,597.29351807,698.13244629,834.26641846,792.41387939,712.54785156,602.19061279,630.02587891,657.22821045,621.4128418,949.74072266,955.48468018,619.05249023,..,..,..,..,..
"Current health expenditure per capita, PPP (current international $)",SH.XPD.CHEX.PP.CD,Liechtenstein,LIE,..,..,..,..,..,..,..,..,..,..,..,..,..,..,..,..,..
"Current health expenditure per capita, PPP (current international $)",SH.XPD.CHEX.PP.CD,Lithuania,LTU,521.80444336,565.02941895,641.82568359,742.17211914,712.90667725,811.57226563,956.52496338,1093.28320313,1298.46484375,1325.94604492,1349.93811035,1472.82617188,1542.19226074,1629.12011719,1738.95996094,1861.51000977,1999.07141113
"Current health expenditure per capita, PPP (current international $)",SH.XPD.CHEX.PP.CD,Luxembourg,LUX,3286.67773438,3603.98339844,3979.25366211,4217.46582031,4737.31787109,4941.68310547,5268.86181641,5277.87939453,5725.23193359,6091.46191406,6078.58740234,5694.88330078,5175.36523438,5346.19628906,5573.94482422,5546.68212891,5675.38769531
"Current health expenditure per capita, PPP (current international $)",SH.XPD.CHEX.PP.CD,"Macao SAR, China",MAC,..,..,..,..,..,..,..,..,..,..,..,..,..,..,..,..,..
"Current health expenditure per capita, PPP (current international $)",SH.XPD.CHEX.PP.CD,Madagascar,MDG,70.1029129,78.50627136,69.86684418,72.43315125,84.57933044,86.70489502,89.31578827,72.11738586,70.37244415,71.27667999,73.65384674,70.91418457,61.62969971,59.65586472,73.37564087,84.25282288,90.479599
"Current health expenditure per capita, PPP (current international $)",SH.XPD.CHEX.PP.CD,Malawi,MWI,40.87712479,34.30857086,25.35079384,32.98636627,42.72270584,46.81259537,56.13338089,68.06430817,81.44604492,83.08202362,76.43268585,82.27702332,93.94444275,133.48939514,117.25292969,114.40559387,120.56518555
"Current health expenditure per capita, PPP (current international $)",SH.XPD.CHEX.PP.CD,Malaysia,MYS,357.22436523,381.82223511,399.72253418,461.89202881,485.64312744,485.06387329,577.06158447,609.30743408,626.68243408,661.75793457,665.52874756,738.68688965,817.33044434,867.3649292,977.62359619,1034.79162598,1041.84558105
"Current health expenditure per capita, PPP (current international $)",SH.XPD.CHEX.PP.CD,Maldives,MDV,774.68280029,565.99108887,642.68963623,604.88140869,707.08770752,727.65093994,841.23706055,938.19848633,1411.39001465,1128.17626953,994.80084229,989.2387085,1083.81066895,1060.85974121,1077.28100586,1177.19921875,1432.29040527
"Current health expenditure per capita, PPP (current international $)",SH.XPD.CHEX.PP.CD,Mali,MLI,63.76251984,60.36297607,67.8707428,73.87671661,77.11087036,81.64997101,89.47227478,88.54497528,88.28492737,93.04799652,85.94893646,75.41117859,69.13974762,73.88751984,88.47878265,84.41343689,80.47440338
"Current health expenditure per capita, PPP (current international $)",SH.XPD.CHEX.PP.CD,Malta,MLT,1210.79772949,1301.59228516,1515.56787109,1656.00183105,1738.49304199,1938.25427246,2053.99975586,2050.65527344,2093.55322266,2120.04882813,2286.54394531,2455.24731445,2548.90966797,2766.52270508,3157.46606445,3374.15600586,3541.3527832
"Current health expenditure per capita, PPP (current international $)",SH.XPD.CHEX.PP.CD,Marshall Islands,MHL,469.5071106,431.94140625,396.28515625,387.11126709,472.85769653,606.96881104,635.1192627,536.40551758,496.87701416,485.83099365,508.05026245,483.23068237,476.89373779,512.24475098,507.66638184,598.96313477,624.7855835
"Current health expenditure per capita, PPP (current international $)",SH.XPD.CHEX.PP.CD,Mauritania,MRT,104.8706665,110.22029877,122.26107788,126.42694092,120.53890991,126.02410126,114.19641876,125.23902893,131.05117798,130.59338379,114.84085083,112.83666992,124.25392914,140.39846802,169.88925171,185.13409424,166.19082642
"Current health expenditure per capita, PPP (current international $)",SH.XPD.CHEX.PP.CD,Mauritius,MUS,271.85919189,291.41323853,326.18304443,349.07427979,387.66113281,429.31460571,453.04141235,478.33770752,572.06280518,628.11993408,716.41607666,714.20782471,746.48187256,858.34637451,1062.84655762,1152.15600586,1208.59448242
"Current health expenditure per capita, PPP (current international $)",SH.XPD.CHEX.PP.CD,Mexico,MEX,493.3996582,536.49951172,567.38885498,667.68884277,719.57452393,738.71514893,780.88769531,824.02880859,850.54614258,892.38897705,911.84197998,941.84326172,1002.70043945,1032.14453125,1016.05865479,1059.99060059,1054.80566406
"Current health expenditure per capita, PPP (current international $)",SH.XPD.CHEX.PP.CD,"Micronesia, Fed. Sts.",FSM,193.07978821,220.19190979,209.92756653,263.64916992,330.84298706,515.59082031,323.47946167,339.68557739,369.14041138,395.60620117,428.09024048,447.72402954,415.65957642,397.42453003,376.88916016,417.20706177,443.84814453
"Current health expenditure per capita, PPP (current international $)",SH.XPD.CHEX.PP.CD,Moldova,MDA,135.04362488,151.33296204,197.20600891,203.6076355,287.74880981,340.496521,406.76199341,450.75741577,493.31396484,584.49243164,469.61315918,455.93826294,464.23568726,489.37704468,520.80908203,520.39483643,483.96109009
"Current health expenditure per capita, PPP (current international $)",SH.XPD.CHEX.PP.CD,Monaco,MCO,1625.90075684,1738.33300781,1842.65014648,2087.59472656,2202.23657227,2297.1550293,2345.22460938,2440.03051758,2680.82714844,2786.97314453,2911.78442383,3006.10400391,3113.12182617,3343.58789063,3542.01733398,3458.35522461,2839.66064453
"Current health expenditure per capita, PPP (current international $)",SH.XPD.CHEX.PP.CD,Mongolia,MNG,210.97167969,195.1776123,211.09616089,180.02589417,204.96414185,202.32902527,223.08984375,270.78372192,331.29101563,317.50250244,281.60928345,317.4838562,383.16397095,450.19006348,499.69186401,512.84472656,537.05645752
"Current health expenditure per capita, PPP (current international $)",SH.XPD.CHEX.PP.CD,Montenegro,MNE,..,..,..,..,..,..,..,..,..,..,..,..,..,..,..,..,..
"Current health expenditure per capita, PPP (current international $)",SH.XPD.CHEX.PP.CD,Morocco,MAR,143.76127625,161.81364441,179.78869629,197.27262878,218.05200195,231.3740387,262.91921997,303.23251343,316.38134766,361.58789063,376.36080933,390.04995728,404.98614502,420.15048218,404.13684082,402.78405762,419.54431152
"Current health expenditure per capita, PPP (current international $)",SH.XPD.CHEX.PP.CD,Mozambique,MOZ,11.42467213,17.08145714,20.76300621,22.81335831,25.41880226,32.28885651,33.13693237,35.71247101,39.82906342,49.99464417,54.00431824,53.19391251,60.15741348,74.46936798,81.36811829,90.96958923,98.9332428
"Current health expenditure per capita, PPP (current international $)",SH.XPD.CHEX.PP.CD,Myanmar,MMR,21.77595139,24.42667961,31.32102776,35.22969055,42.43008041,46.58028412,51.76559067,52.94213486,62.19148636,69.12324524,65.93917847,68.95502472,97.30554962,139.8271637,207.71995544,279.20153809,271.67840576
"Current health expenditure per capita, PPP (current international $)",SH.XPD.CHEX.PP.CD,Namibia,NAM,519.38824463,522.65374756,563.30371094,597.12017822,695.2666626,723.74029541,778.80926514,854.01080322,806.97784424,729.9005127,826.72686768,880.70489502,873.33105469,863.12969971,865.9800415,1083.66796875,991.92041016
"Current health expenditure per capita, PPP (current international $)",SH.XPD.CHEX.PP.CD,Nauru,NRU,1157.08642578,956.03155518,741.96124268,581.65606689,414.88891602,523.17712402,593.6897583,882.61328125,1356.20703125,585.75341797,710.27307129,669.88891602,737.78826904,748.69641113,998.39660645,1497.85095215,1686.03833008
"Current health expenditure per capita, PPP (current international $)",SH.XPD.CHEX.PP.CD,Nepal,NPL,46.61116409,55.64065552,57.5688591,58.82842636,65.47727203,67.35793304,63.54803085,69.09924316,76.85862732,82.07357788,96.81156158,104.23786926,113.54427338,124.23901367,145.39468384,163.05480957,165.85929871
"Current health expenditure per capita, PPP (current international $)",SH.XPD.CHEX.PP.CD,Netherlands,NLD,2466.14526367,2685.15112305,2987.45800781,3095.60424805,3264.33325195,3425.68286133,3723.125,3979.69775391,4316.76904297,4465.50244141,4585.03369141,4779.41992188,4989.33056641,5219.26367188,5213.53466797,5205.21484375,5279.84814453
"Current health expenditure per capita, PPP (current international $)",SH.XPD.CHEX.PP.CD,New Caledonia,NCL,..,..,..,..,..,..,..,..,..,..,..,..,..,..,..,..,..
"Current health expenditure per capita, PPP (current international $)",SH.XPD.CHEX.PP.CD,New Zealand,NZL,1607.13500977,1693.32580566,1834.4708252,1853.05151367,1985.01403809,2123.63500977,2395.62402344,2439.95703125,2709.70166016,2940.22265625,2983.40209961,3088.69799805,3140.93383789,3335.00878906,3467.03344727,3481.53271484,3735.72875977
"Current health expenditure per capita, PPP (current international $)",SH.XPD.CHEX.PP.CD,Nicaragua,NIC,142.39347839,154.53436279,162.98794556,178.10585022,189.19755554,206.23014832,222.93963623,259.61526489,278.19232178,286.75598145,299.75585938,310.15368652,333.88589478,358.84686279,394.87738037,412.08474731,434.65509033
"Current health expenditure per capita, PPP (current international $)",SH.XPD.CHEX.PP.CD,Niger,NER,40.0604744,42.44920349,44.63864136,44.72300339,45.28923416,55.12868118,59.08403778,55.41283035,58.13796616,60.17289352,54.653862,53.13955307,51.14357758,53.64534378,55.65916824,69.1915741,61.33544159
"Current health expenditure per capita, PPP (current international $)",SH.XPD.CHEX.PP.CD,Nigeria,NGA,76.2686615,81.22908783,72.27648163,155.67781067,152.04820251,157.95320129,157.05586243,155.0528717,160.00485229,170.81918335,166.78926086,174.7268219,181.78735352,194.91674805,201.2387085,217.5131073,214.59593201
"Current health expenditure per capita, PPP (current international $)",SH.XPD.CHEX.PP.CD,North Macedonia,MKD,543.46282959,505.31451416,566.11328125,585.79418945,599.33728027,595.87335205,633.8303833,607.32373047,682.71356201,712.54400635,756.89428711,756.92279053,783.15319824,850.23095703,840.84753418,877.21502686,945.00756836
"Current health expenditure per capita, PPP (current international $)",SH.XPD.CHEX.PP.CD,Northern Mariana Islands,MNP,..,..,..,..,..,..,..,..,..,..,..,..,..,..,..,..,..
"Current health expenditure per capita, PPP (current international $)",SH.XPD.CHEX.PP.CD,Norway,NOR,2857.60083008,3037.69995117,3429.11572266,3562.25268555,3761.83520508,3995.39672852,4299.27099609,4525.13183594,4945.30029297,5059.64160156,5194.49365234,5492.07714844,5774.39208984,6012.88427734,6192.90380859,6144.08496094,6270.37646484
"Current health expenditure per capita, PPP (current international $)",SH.XPD.CHEX.PP.CD,Oman,OMN,1071.87451172,1138.15759277,1159.4239502,1122.02954102,1068.05749512,955.65405273,901.70965576,986.08129883,871.48297119,1253.45629883,1218.58496094,1069.85522461,1107.57702637,1196.46569824,1479.57641602,1804.00109863,1834.12402344
"Current health expenditure per capita, PPP (current international $)",SH.XPD.CHEX.PP.CD,Pakistan,PAK,84.16913605,80.23464203,85.77495575,76.95801544,80.04906464,100.2009201,110.37767029,121.20159149,114.42887115,103.65874481,103.57579041,95.99339294,99.76821899,114.4824295,125.04925537,127.96857452,142.05717468
"Current health expenditure per capita, PPP (current international $)",SH.XPD.CHEX.PP.CD,Palau,PLW,876.93359375,838.2411499,881.65704346,974.68164063,1157.90612793,1170.82104492,1240.68847656,1345.66931152,1269.18200684,1342.31396484,1552.61071777,1570.36437988,1764.39196777,1844.93432617,1969.97729492,2045.58276367,2190.38891602
"Current health expenditure per capita, PPP (current international $)",SH.XPD.CHEX.PP.CD,Panama,PAN,593.86993408,591.87756348,614.39782715,608.2756958,696.34759521,658.68505859,766.6338501,914.75653076,994.31719971,1018.34002686,1084.79016113,1127.40930176,1234.49389648,1337.69787598,1465.06005859,1514.13842773,1696.9005127
"Current health expenditure per capita, PPP (current international $)",SH.XPD.CHEX.PP.CD,Papua New Guinea,PNG,62.05337143,70.65583038,84.06775665,80.43275452,90.28814697,86.24663544,60.11678696,64.84145355,56.73019409,65.02897644,64.06519318,70.41921997,85.50789642,99.47323608,123.09796143,74.23082733,98.09698486
"Current health expenditure per capita, PPP (current international $)",SH.XPD.CHEX.PP.CD,Paraguay,PRY,349.61737061,318.38891602,263.74996948,282.22119141,291.81170654,291.80554199,321.74032593,338.64862061,361.00622559,384.09451294,441.29873657,506.22131348,655.32061768,661.78210449,763.46020508,796.66955566,826.40698242
"Current health expenditure per capita, PPP (current international $)",SH.XPD.CHEX.PP.CD,Peru,PER,229.17298889,255.45928955,282.5022583,296.66970825,295.41778564,300.03817749,329.70159912,358.51260376,403.28955078,451.80105591,470.29992676,488.8170166,542.88824463,574.89324951,632.08868408,656.59960938,687.89819336
"Current health expenditure per capita, PPP (current international $)",SH.XPD.CHEX.PP.CD,Philippines,PHL,106.04357147,101.96482849,97.49652863,119.24346161,127.15336609,165.97744751,178.82539368,191.17457581,205.16539001,222.30871582,235.83505249,239.31661987,266.06359863,290.8024292,286.06121826,316.03939819,343.03530884
"Current health expenditure per capita, PPP (current international $)",SH.XPD.CHEX.PP.CD,Poland,POL,564.4732666,630.35089111,715.97192383,730.55383301,782.77191162,806.79431152,877.83703613,985.74383545,1167.31713867,1269.21386719,1352.8314209,1424.48791504,1477.89282227,1575.04553223,1626.76696777,1717.35925293,1850.72900391
"Current health expenditure per capita, PPP (current international $)",SH.XPD.CHEX.PP.CD,Portugal,PRT,1588.42456055,1647.28527832,1747.25976563,1857.71166992,1998.33276367,2146.88867188,2254.38330078,2332.57910156,2491.86181641,2618.14746094,2683.4309082,2548.8046875,2466.53320313,2528.68505859,2587.09082031,2658.96582031,2972.2668457
"Current health expenditure per capita, PPP (current international $)",SH.XPD.CHEX.PP.CD,Puerto Rico,PRI,..,..,..,..,..,..,..,..,..,..,..,..,..,..,..,..,..
"Current health expenditure per capita, PPP (current international $)",SH.XPD.CHEX.PP.CD,Qatar,QAT,1730.84326172,2039.81530762,2262.34716797,3227.91210938,3115.33618164,2511.76074219,2369.5480957,2158.08300781,1780.23144531,2341.98413086,2102.68969727,1984.34606934,2144.62695313,2543.25976563,3002.01733398,3927.60742188,3939.55249023
"Current health expenditure per capita, PPP (current international $)",SH.XPD.CHEX.PP.CD,Romania,ROU,246.02845764,281.57836914,326.2699585,404.62701416,490.39349365,529.22894287,583.69573975,679.33258057,838.94207764,874.94866943,976.49981689,839.33764648,891.50909424,1026.13476563,1035.37011719,1066.21411133,1188.40332031
"Current health expenditure per capita, PPP (current international $)",SH.XPD.CHEX.PP.CD,Russian Federation,RUS,367.58203125,413.93154907,475.81481934,512.15942383,521.57348633,603.8013916,759.71002197,844.20031738,1055.65795898,1168.11938477,1086.58349609,1156.38378906,1264.69726563,1323.03308105,1347.1348877,1286.66821289,1279.66540527
"Current health expenditure per capita, PPP (current international $)",SH.XPD.CHEX.PP.CD,Rwanda,RWA,27.19668007,26.54130554,28.07969284,63.01049805,72.92247772,82.99642944,82.52815247,93.64228058,99.66566467,106.18846893,117.01235199,122.16242218,134.23628235,116.41709137,126.34486389,129.71299744,140.93754578
"Current health expenditure per capita, PPP (current international $)",SH.XPD.CHEX.PP.CD,Samoa,WSM,147.50205994,145.45753479,181.24261475,178.3132782,203.49536133,234.87591553,249.29309082,267.19018555,269.13284302,300.57623291,283.71087646,307.57571411,278.48413086,355.1539917,368.23513794,337.51385498,343.62210083
"Current health expenditure per capita, PPP (current international $)",SH.XPD.CHEX.PP.CD,San Marino,SMR,2840.97949219,2994.23388672,2797.79199219,2596.63354492,2687.7734375,2776.26635742,3081.79956055,3329.72851563,3701.72265625,3869.11889648,3763.28857422,3863.5,3926.15209961,3849.02246094,3753.84985352,3514.30273438,3878.53833008
"Current health expenditure per capita, PPP (current international $)",SH.XPD.CHEX.PP.CD,Sao Tome and Principe,STP,163.96176147,173.77174377,174.79672241,220.04216003,216.08314514,225.89225769,177.86973572,180.91009521,168.75064087,171.41223145,171.62638855,176.46862793,174.16897583,223.29032898,201.68188477,164.69754028,204.838974
"Current health expenditure per capita, PPP (current international $)",SH.XPD.CHEX.PP.CD,Saudi Arabia,SAU,1450.50268555,1511.92407227,1382.21264648,1424.00732422,1380.41369629,1392.28955078,1517.45385742,1519.47058105,1335.32861328,1850.02746582,1623.25,1799.24536133,2029.59338379,2285.97460938,2747.36328125,3232.98217773,3160.47705078
"Current health expenditure per capita, PPP (current international $)",SH.XPD.CHEX.PP.CD,Senegal,SEN,68.95411682,77.77005005,81.73846436,91.92399597,101.74860382,87.67932892,91.25832367,86.18525696,92.52861023,101.41295624,108.76860046,114.87322998,120.66457367,127.03583527,134.82907104,140.5,142.80174255
"Current health expenditure per capita, PPP (current international $)",SH.XPD.CHEX.PP.CD,Serbia,SRB,371.84390259,421.30859375,548.1229248,584.74407959,664.35754395,759.03466797,864.6361084,1050.25866699,1195.3527832,1169.43383789,1216.69665527,1249.8527832,1296.61279297,1359.01086426,1352.35021973,1312.51086426,1319.52783203
"Current health expenditure per capita, PPP (current international $)",SH.XPD.CHEX.PP.CD,Seychelles,SYC,678.1104126,778.85430908,663.33258057,732.1776123,695.53955078,738.30383301,774.4822998,762.95916748,739.62524414,714.62854004,947.29144287,984.35687256,1259.7376709,1059.96643066,1175.7532959,1198.03051758,1417.63220215
"Current health expenditure per capita, PPP (current international $)",SH.XPD.CHEX.PP.CD,Sierra Leone,SLE,121.53321838,73.24198914,93.72603607,94.4719162,100.18260193,104.64019775,102.47122955,106.83708191,110.29773712,126.04147339,129.4962616,166.73577881,152.59712219,200.23675537,355.85668945,291.41125488,258.14227295
"Current health expenditure per capita, PPP (current international $)",SH.XPD.CHEX.PP.CD,Singapore,SGP,1392.59362793,1316.21789551,1465.41760254,1665.73535156,1621.80004883,1693.11706543,1782.33544922,1854.93078613,2079.42211914,2145.79614258,2267.69311523,2364.63574219,2600.37011719,3024.12866211,3319.29052734,3683.10351563,3992.28076172
"Current health expenditure per capita, PPP (current international $)",SH.XPD.CHEX.PP.CD,Sint Maarten (Dutch part),SXM,..,..,..,..,..,..,..,..,..,..,..,..,..,..,..,..,..
"Current health expenditure per capita, PPP (current international $)",SH.XPD.CHEX.PP.CD,Slovak Republic,SVK,602.36566162,660.6517334,733.15466309,771.59796143,969.39990234,1096.34472656,1294.22521973,1522.03088379,1651.42529297,1837.53039551,1949.16577148,1918.63598633,2035.44787598,2101.07177734,1999.39172363,2033.76660156,2110.42138672
"Current health expenditure per capita, PPP (current international $)",SH.XPD.CHEX.PP.CD,Slovenia,SVN,1405.84851074,1494.46362305,1624.02233887,1708.56311035,1806.00061035,1910.00292969,2013.59802246,2076.87255859,2338.09667969,2360.88232422,2385.06054688,2472.89672852,2533.16040039,2621.22412109,2625.7019043,2689.42016602,2815.5222168
"Current health expenditure per capita, PPP (current international $)",SH.XPD.CHEX.PP.CD,Solomon Islands,SLB,66.84951782,88.80901337,129.88069153,100.36477661,115.16040802,155.00198364,151.47460938,148.82444763,120.22116852,149.59103394,189.4050293,138.45068359,118.9821167,117.57300568,126.93070984,116.11688232,113.52851105
"Current health expenditure per capita, PPP (current international $)",SH.XPD.CHEX.PP.CD,Somalia,SOM,..,..,..,..,..,..,..,..,..,..,..,..,..,..,..,..,..
"Current health expenditure per capita, PPP (current international $)",SH.XPD.CHEX.PP.CD,South Africa,ZAF,574.11346436,595.65936279,572.34112549,595.54656982,622.31878662,656.90631104,693.24523926,722.89660645,763.74951172,812.20141602,869.68475342,913.11865234,968.17993164,989.53631592,1038.12854004,1081.30969238,1067.60290527
"Current health expenditure per capita, PPP (current international $)",SH.XPD.CHEX.PP.CD,South Sudan,SSD,..,..,..,..,..,..,..,..,..,..,..,..,..,..,..,..,..
"Current health expenditure per capita, PPP (current international $)",SH.XPD.CHEX.PP.CD,Spain,ESP,1471.30725098,1561.13378906,1673.40270996,1908.64770508,2018.1529541,2152.14648438,2423.77734375,2593.92871094,2805.49633789,2931.09570313,2894.39135742,2926.57324219,2901.80712891,2934.1262207,3045.47314453,3186.09106445,3275.6015625
"Current health expenditure per capita, PPP (current international $)",SH.XPD.CHEX.PP.CD,Sri Lanka,LKA,221.71244812,218.71179199,228.05328369,213.10916138,253.46112061,264.51419067,288.99865723,312.34286499,337.79412842,368.30484009,322.11676025,340.31295776,344.40527344,404.82275391,405.53503418,461.5687561,481.72705078
"Current health expenditure per capita, PPP (current international $)",SH.XPD.CHEX.PP.CD,St. Kitts and Nevis,KNA,827.60821533,801.52539063,836.81054688,865.6083374,856.30383301,996.43969727,1141.16540527,1085.0111084,1330.01367188,1317.59753418,1283.87841797,1307.05615234,1265.12524414,1367.34753418,1243.77270508,1387.01806641,1559.18029785
"Current health expenditure per capita, PPP (current international $)",SH.XPD.CHEX.PP.CD,St. Lucia,LCA,461.19494629,474.90588379,505.78216553,518.67675781,515.6171875,534.5446167,609.63256836,634.37634277,655.53674316,653.45654297,611.7565918,676.29968262,678.54925537,697.10333252,601.12902832,577.03131104,647.72180176
"Current health expenditure per capita, PPP (current international $)",SH.XPD.CHEX.PP.CD,St. Martin (French part),MAF,..,..,..,..,..,..,..,..,..,..,..,..,..,..,..,..,..
"Current health expenditure per capita, PPP (current international $)",SH.XPD.CHEX.PP.CD,St. Vincent and the Grenadines,VCT,258.52911377,268.7154541,290.08291626,308.43792725,320.7003479,335.43334961,354.85510254,389.99090576,415.31185913,434.49160767,446.30599976,445.06097412,482.22369385,486.1022644,476.69146729,456.81167603,477.59805298
"Current health expenditure per capita, PPP (current international $)",SH.XPD.CHEX.PP.CD,Sudan,SDN,76.76875305,84.54576874,89.87957001,111.81396484,127.3868866,145.09725952,182.29335022,241.71043396,227.64830017,251.16848755,208.69650269,293.71411133,226.20491028,281.68792725,237.73387146,290.86001587,325.31893921
"Current health expenditure per capita, PPP (current international $)",SH.XPD.CHEX.PP.CD,Suriname,SUR,655.95422363,438.73413086,607.61791992,601.22918701,734.39251709,743.97332764,718.16516113,683.16473389,651.83789063,701.45074463,696.28198242,698.20983887,702.06524658,761.64971924,775.47991943,962.30578613,918.17883301
"Current health expenditure per capita, PPP (current international $)",SH.XPD.CHEX.PP.CD,Sweden,SWE,2173.01855469,2368.41894531,2542.59521484,2647.45068359,2754.24731445,2795.51928711,3044.11352539,3277.71606445,3473.59423828,3550.62109375,3529.96337891,4665.49902344,4896.18164063,5073.265625,5193.25927734,5331.35693359,5395.96533203
"Current health expenditure per capita, PPP (current international $)",SH.XPD.CHEX.PP.CD,Switzerland,CHE,3361.2019043,3591.45556641,3839.38745117,3935.70776367,4118.70214844,4189.06542969,4443.44775391,4817.31152344,5165.47509766,5402.64111328,5480.75878906,5841.04296875,6175.03369141,6550.80078125,6846.42919922,7308.89648438,7573.45654297
"Current health expenditure per capita, PPP (current international $)",SH.XPD.CHEX.PP.CD,Syrian Arab Republic,SYR,144.85440063,152.78459167,172.00871277,186.233078,174.99414063,170.98355103,166.19168091,168.93965149,158.34599304,172.13668823,166.73851013,182.99568176,159.57843018,..,..,..,..
"Current health expenditure per capita, PPP (current international $)",SH.XPD.CHEX.PP.CD,Tajikistan,TJK,40.68110275,46.60860443,50.57006073,59.99497604,68.08810425,79.82691193,82.89958191,99.47301483,113.96775055,116.30004883,120.12069702,131.5874939,143.84370422,168.87971497,184.20274353,196.95056152,210.55307007
"Current health expenditure per capita, PPP (current international $)",SH.XPD.CHEX.PP.CD,Tanzania,TZA,38.20736694,50.2368927,58.84394455,70.99468231,82.17776489,97.5090332,135.60401917,129.1725769,108.65628815,102.35137177,110.18228912,113.39732361,117.3335495,114.57183838,104.48033905,98.89268494,112.59923553
"Current health expenditure per capita, PPP (current international $)",SH.XPD.CHEX.PP.CD,Thailand,THA,226.78868103,231.78633118,273.13046265,287.8526001,302.01538086,324.512146,342.20233154,379.48690796,424.16540527,441.85543823,447.9442749,483.05276489,518.82849121,528.97271729,578.25463867,597.63214111,638.30700684
"Current health expenditure per capita, PPP (current international $)",SH.XPD.CHEX.PP.CD,Timor-Leste,TLS,..,..,..,66.06690216,73.75608826,77.90631866,84.85858154,93.40526581,99.24705505,149.15415955,125.890625,124.36153412,126.29899597,194.72465515,186.0508728,323.38375854,371.50311279
"Current health expenditure per capita, PPP (current international $)",SH.XPD.CHEX.PP.CD,Togo,TGO,32.53820038,32.9053154,32.51576996,34.4084053,37.08110428,40.51865005,44.32152939,48.31116867,49.91477203,57.72820663,71.77907562,77.13526154,83.53093719,90.06958008,95.65834808,97.92745209,107.24508667
"Current health expenditure per capita, PPP (current international $)",SH.XPD.CHEX.PP.CD,Tonga,TON,110.95589447,136.50897217,149.79946899,148.43132019,197.77308655,198.82356262,248.55535889,211.47134399,279.08807373,187.94303894,241.97975159,202.03865051,266.85824585,224.91189575,291.94882202,274.93710327,330.56896973
"Current health expenditure per capita, PPP (current international $)",SH.XPD.CHEX.PP.CD,Trinidad and Tobago,TTO,628.54760742,634.06262207,810.39031982,832.17169189,944.5949707,1056.83410645,1150.36071777,1232.90039063,1136.80700684,1645.11914063,1581.19494629,1483.38977051,1549.49157715,1651.35900879,1713.31311035,2039.99584961,2172.00537109
"Current health expenditure per capita, PPP (current international $)",SH.XPD.CHEX.PP.CD,Tunisia,TUN,303.97103882,322.83822632,347.24118042,373.92147827,404.0249939,423.14593506,453.27038574,496.02478027,520.41577148,559.57641602,601.77612305,652.14978027,703.08709717,756.48577881,780.15710449,812.38562012,821.71112061
"Current health expenditure per capita, PPP (current international $)",SH.XPD.CHEX.PP.CD,Turkey,TUR,442.95025635,453.79394531,475.91644287,485.84213257,538.57672119,587.45587158,706.74853516,784.15679932,844.34008789,857.18969727,880.64135742,921.26306152,923.22253418,980.79602051,1041.94580078,1060.52612305,1135.84387207
"Current health expenditure per capita, PPP (current international $)",SH.XPD.CHEX.PP.CD,Turkmenistan,TKM,292.46740723,364.87908936,317.02978516,400.27120972,530.88824463,552.95355225,550.21905518,389.59576416,501.88589478,430.97149658,486.59469604,549.02032471,595.55548096,706.99456787,832.61279297,1008.3972168,1118.67028809
"Current health expenditure per capita, PPP (current international $)",SH.XPD.CHEX.PP.CD,Turks and Caicos Islands,TCA,..,..,..,..,..,..,..,..,..,..,..,..,..,..,..,..,..
"Current health expenditure per capita, PPP (current international $)",SH.XPD.CHEX.PP.CD,Tuvalu,TUV,596.15618896,488.53591919,366.58944702,403.73672485,274.67004395,285.80682373,352.637146,322.62850952,337.53393555,434.30715942,484.06091309,495.65942383,468.0531311,591.06744385,554.64343262,601.31152344,627.29516602
"Current health expenditure per capita, PPP (current international $)",SH.XPD.CHEX.PP.CD,Uganda,UGA,67.39135742,76.03631592,89.26525116,91.35964966,106.18548584,135.98130798,159.8762207,171.8657074,181.56210327,157.18235779,175.48834229,170.31233215,141.0411377,132.94880676,133.40101624,132.27626038,131.41894531
"Current health expenditure per capita, PPP (current international $)",SH.XPD.CHEX.PP.CD,Ukraine,UKR,210.96925354,247.10420227,279.6534729,343.80484009,375.37298584,412.97717285,466.11114502,487.17092896,467.61257935,480.93151855,523.01727295,565.5736084,605.47192383,602.99139404,596.96856689,591.28265381,596.93847656
"Current health expenditure per capita, PPP (current international $)",SH.XPD.CHEX.PP.CD,United Arab Emirates,ARE,1943.59960938,2008.45483398,2170.45678711,2195.04541016,2096.36157227,1894.10461426,1859.65063477,1867.88244629,1951.58007813,2307.50585938,2103.44238281,2076.31591797,2019.53588867,2250.71801758,2412.0546875,2516.11450195,2463.60375977
"Current health expenditure per capita, PPP (current international $)",SH.XPD.CHEX.PP.CD,United Kingdom,GBR,1927.10351563,2129.1003418,2337.69042969,2491.27636719,2720.83422852,2798.05444336,3035.11376953,3171.75708008,3373.20361328,3519.1706543,3645.00756836,3720.18945313,3863.46435547,4002.44018555,4125.12402344,4228.21289063,4310.54882813
"Current health expenditure per capita, PPP (current international $)",SH.XPD.CHEX.PP.CD,United States,USA,4564.45507813,4914.94042969,5332.49316406,5741.29931641,6103.58447266,6454.68310547,6821.10742188,7172.16601563,7410.70068359,7681.24755859,7930.15136719,8130.75634766,8399.23925781,8599.52734375,9023.61132813,9491.09082031,9877.87109375
"Current health expenditure per capita, PPP (current international $)",SH.XPD.CHEX.PP.CD,Uruguay,URY,1025.61181641,1070.26989746,990.96038818,1011.50518799,942.08251953,975.31939697,1043.00390625,1102.22814941,1302.53503418,1334.83764648,1444.54125977,1553.78601074,1659.13317871,1772.30651855,1847.81982422,1918.83654785,2056.42700195
"Current health expenditure per capita, PPP (current international $)",SH.XPD.CHEX.PP.CD,Uzbekistan,UZB,158.99249268,170.92585754,174.96896362,185.04176331,188.23362732,202.37609863,215.6894989,232.37557983,255.17401123,285.93530273,267.82266235,285.91607666,326.61038208,365.79852295,324.35955811,369.84771729,388.55548096
"Current health expenditure per capita, PPP (current international $)",SH.XPD.CHEX.PP.CD,Vanuatu,VUT,74.44690704,73.53000641,79.56896973,74.00280762,77.74532318,76.88131714,84.29180145,81.60619354,86.51495361,91.05703735,97.49890137,101.65666962,110.35295868,122.81772614,103.60570526,122.85974884,85.71327209
"Current health expenditure per capita, PPP (current international $)",SH.XPD.CHEX.PP.CD,"Venezuela, RB",VEN,848.12695313,942.35266113,841.89221191,756.79888916,816.69403076,816.64263916,1217.69775391,1287.56494141,1122.00634766,1270.33239746,1130.22705078,1243.04858398,1181.99975586,1041.10559082,1043.53710938,990.71020508,754.34655762
"Current health expenditure per capita, PPP (current international $)",SH.XPD.CHEX.PP.CD,Vietnam,VNM,99.33068848,126.01950836,107.54593658,118.15271759,145.96508789,155.52537537,179.66897583,198.36427307,199.42704773,215.66900635,259.12216187,273.85842896,310.72872925,332.8062439,324.64865112,338.57833862,360.21749878
"Current health expenditure per capita, PPP (current international $)",SH.XPD.CHEX.PP.CD,Virgin Islands (U.S.),VIR,..,..,..,..,..,..,..,..,..,..,..,..,..,..,..,..,..
"Current health expenditure per capita, PPP (current international $)",SH.XPD.CHEX.PP.CD,West Bank and Gaza,PSE,..,..,..,..,..,..,..,..,..,..,..,..,..,..,..,..,..
"Current health expenditure per capita, PPP (current international $)",SH.XPD.CHEX.PP.CD,"Yemen, Rep.",YEM,148.19792175,162.02304077,162.50402832,198.79090881,197.52639771,197.38352966,216.50656128,235.08110046,239.03639221,252.70223999,230.76266479,184.88150024,204.46878052,202.64416504,195.87521362,140.59262085,..
"Current health expenditure per capita, PPP (current international $)",SH.XPD.CHEX.PP.CD,Zambia,ZMB,121.01573944,116.24057007,124.68704224,140.10003662,147.14793396,154.31819153,142.9911499,114.79152679,113.1269989,133.55717468,121.6134491,118.31328583,142.86418152,176.64027405,149.09362793,174.20016479,178.9994812
"Current health expenditure per capita, PPP (current international $)",SH.XPD.CHEX.PP.CD,Zimbabwe,ZWE,..,..,..,..,..,..,..,..,..,..,197.84887695,175.22186279,175.349823,183.72476196,215.42687988,199.68289185,208.0955658
"Current health expenditure per capita, PPP (current international $)",SH.XPD.CHEX.PP.CD,Arab World,ARB,394.272157263585,433.61256096727,439.592859184677,431.2717665343,445.571152672565,444.919041811685,476.101364925713,512.128235276868,517.169479969059,633.133237846175,593.460522905763,621.112733465342,660.572490734413,747.552402800944,817.131678042845,913.07866887568,985.556652257789
"Current health expenditure per capita, PPP (current international $)",SH.XPD.CHEX.PP.CD,Caribbean small states,CSS,464.634894902376,448.31381682778,495.035510888773,501.94778595685,565.903833439175,593.544594454417,610.148435113604,677.916397068639,682.644724089118,763.39257325327,758.456160332495,751.396321023189,764.368886076147,798.424684753246,825.283940050886,913.752610609706,953.739996467733
"Current health expenditure per capita, PPP (current international $)",SH.XPD.CHEX.PP.CD,Central Europe and the Baltics,CEB,562.833302348809,629.800252399493,706.849807791255,778.977921086547,842.739767795333,900.39476952718,979.100028302859,1077.61377641998,1242.30629340651,1328.0236946423,1396.67743740107,1425.82702360705,1480.0915394349,1579.89955751219,1628.76651505808,1681.81684432209,1803.3591066362
"Current health expenditure per capita, PPP (current international $)",SH.XPD.CHEX.PP.CD,Early-demographic dividend,EAR,186.670627299104,201.103099291742,200.085313214667,211.27276183296,222.025715023868,238.667108465228,258.577920576494,277.090575673817,285.739753217454,311.87210663518,319.702393184604,333.82176223407,351.497153718905,377.240040479956,400.99320733138,428.103815213659,446.086589702374
"Current health expenditure per capita, PPP (current international $)",SH.XPD.CHEX.PP.CD,East Asia & Pacific,EAS,278.319371640572,295.526205888588,314.899434617559,340.737186442912,363.278015290721,395.338759202596,425.278737864919,457.164287844485,498.932592152789,557.440913112779,594.096645637605,670.184384502435,734.357374882889,798.926893583987,850.054739007305,913.31216951837,958.568998058196
"Current health expenditure per capita, PPP (current international $)",SH.XPD.CHEX.PP.CD,East Asia & Pacific (excluding high income),EAP,125.703171821879,133.002178433633,146.491480116706,165.155632569225,178.868345571474,201.660793077843,220.632500070811,241.240450015662,273.310105383472,322.483406807602,345.983879057413,388.589695123054,443.880474594096,496.630329457695,545.993756278744,599.242181802707,645.133802590353
"Current health expenditure per capita, PPP (current international $)",SH.XPD.CHEX.PP.CD,East Asia & Pacific (IDA & IBRD countries),TEA,125.717125559894,133.014381095721,146.502684686846,165.166600661323,178.880081515808,201.672729741877,220.645013706766,241.254909975589,273.325435603661,322.494438493089,345.996916037714,388.601866759611,443.8938353774,496.643669337447,546.008998340601,599.260443157063,645.15400822907
"Current health expenditure per capita, PPP (current international $)",SH.XPD.CHEX.PP.CD,Euro area,EMU,2164.91033422489,2298.46586272319,2449.37004851856,2549.34187003287,2661.74417264436,2786.50182914353,3006.10196292636,3149.84568677949,3375.7909481269,3552.16398921927,3639.33013955204,3761.41776018337,3825.98514278204,3970.24430713191,4073.02452989619,4168.68506971893,4354.68764181356
"Current health expenditure per capita, PPP (current international $)",SH.XPD.CHEX.PP.CD,Europe & Central Asia,ECS,1216.62901028563,1308.78891486678,1415.00966035535,1490.71675597414,1574.6320880984,1661.89222399521,1820.26035072646,1927.96240200391,2100.20643168243,2216.1107123801,2256.29157155901,2342.2194885142,2415.02637349481,2514.70799742791,2583.60541405444,2633.90151243329,2734.60825225348
"Current health expenditure per capita, PPP (current international $)",SH.XPD.CHEX.PP.CD,Europe & Central Asia (excluding high income),ECA,321.227735586273,353.054172030393,395.040950534961,429.006865380946,457.9654725828,515.575485614676,612.532762026503,668.977883064037,775.275771513159,831.066321306682,809.30906641064,852.123931797047,917.009598188482,958.741574956516,987.21893984277,979.311352207366,1001.10826977165
"Current health expenditure per capita, PPP (current international $)",SH.XPD.CHEX.PP.CD,Europe & Central Asia (IDA & IBRD countries),TEC,343.930544069457,378.781972352528,423.909244656134,458.804032774013,493.256307362833,547.368934197377,640.521426858031,705.048238863449,820.912302425538,879.364357261244,871.98278807513,908.420349551827,971.11945748968,1018.87367517656,1048.3229942997,1050.82331798834,1086.73934294014
"Current health expenditure per capita, PPP (current international $)",SH.XPD.CHEX.PP.CD,European Union,EUU,1813.95008226696,1938.16708884231,2077.30585801395,2173.8898518977,2277.86275542253,2387.69925018061,2579.55509832083,2717.72303934504,2934.19127001577,3094.45808178378,3178.48541285137,3302.09967691577,3369.15492316791,3508.16865421453,3604.3583234304,3694.88128599896,3868.64165378292
"Current health expenditure per capita, PPP (current international $)",SH.XPD.CHEX.PP.CD,Fragile and conflict affected situations,FCS,131.185098211103,141.635981916389,135.331229285398,155.438613864747,179.573658077814,183.379411060395,205.09571706531,227.884013960168,217.943267180784,253.00120805541,239.663805575581,251.101756439324,247.943635493146,262.966248357235,281.570048517727,303.564563676897,306.956509134982
"Current health expenditure per capita, PPP (current international $)",SH.XPD.CHEX.PP.CD,Heavily indebted poor countries (HIPC),HPC,69.1719959873178,72.7111727151321,76.3395148367697,79.1423682093712,97.6630428838011,111.630587547736,115.512219610897,132.275510466844,129.122816788447,146.385731852511,148.966381661317,160.958928046324,159.594231537443,169.282980890926,182.530546072168,199.198943393945,204.211830164473
"Current health expenditure per capita, PPP (current international $)",SH.XPD.CHEX.PP.CD,High income,HIC,2522.54098382007,2711.31816951667,2911.91439515847,3095.42026506622,3274.74441918674,3447.64345016114,3676.7152878986,3871.15077242198,4060.35343259184,4263.19604026392,4396.67214726573,4587.30878287618,4738.80078945046,4911.0268270585,5109.42402143239,5336.07188316252,5531.51965664887
"Current health expenditure per capita, PPP (current international $)",SH.XPD.CHEX.PP.CD,IBRD only,IBD,219.406037095221,235.948106391588,247.885235934183,263.110896290968,282.073361959196,304.690169183871,335.702125073874,364.025388385527,397.76598232291,440.928790777997,455.889793408585,486.434929894362,525.722280494678,568.17963612087,604.788827763448,641.979116215597,672.898791346546
"Current health expenditure per capita, PPP (current international $)",SH.XPD.CHEX.PP.CD,IDA & IBRD total,IBT,188.514826648685,201.929463729437,211.020446135193,225.272939049543,241.827623912502,261.530950367931,286.267199023528,310.175072813911,335.765584714398,370.773533358197,381.389965460205,405.558794213143,435.587011210494,470.789401719184,500.356212880955,530.649803033017,555.793192033632
"Current health expenditure per capita, PPP (current international $)",SH.XPD.CHEX.PP.CD,IDA blend,IDB,87.186087343719,89.0079184401419,89.0389410941831,116.12624655202,117.380447193961,129.339873691718,134.361526127212,140.489213397346,140.907494187056,142.696455271842,142.834907847348,143.798411585573,151.242796362519,164.949165969979,171.026233636554,180.200294882193,186.784701364268
"Current health expenditure per capita, PPP (current international $)",SH.XPD.CHEX.PP.CD,IDA only,IDX,60.3303446089271,63.9484423854377,68.4969503119051,72.6280307603616,86.4984493833329,97.3686083637798,101.931725898283,115.216980914934,115.276740915693,129.736219631828,131.972395333844,141.384107606523,143.451905747149,153.678249179875,167.895038743126,183.202148826269,188.074835373243
"Current health expenditure per capita, PPP (current international $)",SH.XPD.CHEX.PP.CD,IDA total,IDA,69.4074207780627,72.4220023002046,75.30221401184,87.0587305647445,96.7422082851936,107.97536070067,112.69578594457,123.611990989703,123.799828866521,134.051109610194,135.663732882742,142.205831791647,146.106542374562,157.576068457153,168.977990613595,182.163938987918,187.620557113426
"Current health expenditure per capita, PPP (current international $)",SH.XPD.CHEX.PP.CD,Late-demographic dividend,LTE,244.57351169293,261.023458475978,286.849845359613,304.314314076499,327.389919405956,355.634243425337,395.963039073586,432.388231365688,489.881300763037,556.380431082466,573.7246018224,621.743318024139,684.898121640224,749.31639127809,806.31911460918,860.464978917355,905.936209967784
"Current health expenditure per capita, PPP (current international $)",SH.XPD.CHEX.PP.CD,Latin America & Caribbean,LCN,589.867651009776,622.978421590462,627.622158547119,639.812751622276,677.756531847642,719.273094010628,799.287623921001,870.882226600295,906.22527581981,962.688668238094,984.613219219208,1032.92666300553,1067.17803325161,1120.43961140664,1169.65054709977,1220.19645425461,1186.30444928006
"Current health expenditure per capita, PPP (current international $)",SH.XPD.CHEX.PP.CD,Latin America & Caribbean (excluding high income),LAC,583.911168600369,617.017184485813,620.673851599334,631.85949729419,670.562116653638,713.023673552741,791.960940752142,862.478293887171,895.86519377712,951.81394641709,971.843336811267,1017.22779100941,1047.48392963824,1096.78959473055,1143.5777362229,1191.87442436653,1151.90493644257
"Current health expenditure per capita, PPP (current international $)",SH.XPD.CHEX.PP.CD,Latin America & the Caribbean (IDA & IBRD countries),TLA,590.510427172059,622.332551716215,625.501322178693,636.913344289763,675.831859327198,711.561413289832,788.719690500656,850.74954468968,884.352958330415,937.930388553936,963.543836437878,1010.52395441878,1050.97722345418,1098.96413264087,1140.33560521603,1183.3691765717,1161.7686856509
"Current health expenditure per capita, PPP (current international $)",SH.XPD.CHEX.PP.CD,Least developed countries: UN classification,LDC,52.2558915426831,58.6142623327763,62.1599947971135,65.681046256746,80.6441110909123,89.1735841617279,95.5631515946677,109.646123828336,109.676753463587,125.1846211176,125.503816894601,134.148119815399,136.13055252667,148.945256328002,163.551113815992,179.68289960599,185.260595832987
"Current health expenditure per capita, PPP (current international $)",SH.XPD.CHEX.PP.CD,Low & middle income,LMY,183.084445959692,196.145049786218,204.706803781078,218.720648459903,234.660825002096,254.891053872244,279.200037616735,302.923416140689,326.883693035998,361.737440953958,371.124675201925,395.470482614412,424.34914995545,459.17766136934,489.251577684044,519.733734271379,542.225958765949
"Current health expenditure per capita, PPP (current international $)",SH.XPD.CHEX.PP.CD,Low income,LIC,65.4258914989299,68.8525179487381,73.9369800438196,76.5378678738758,96.5321052941731,108.49507894295,113.476932089078,134.976542636049,130.822041995147,151.77232688984,152.297756908035,163.343301718435,158.883549787794,172.130733544549,189.605598520682,206.106343024808,215.872376718682
"Current health expenditure per capita, PPP (current international $)",SH.XPD.CHEX.PP.CD,Lower middle income,LMC,100.727727083099,111.249233865867,113.762753995847,122.90621536535,130.970622386919,140.573280401387,148.792837642074,157.770616063969,163.826328112765,174.214912448745,177.633207836064,184.614629827398,199.713099111655,223.792636457651,232.330177737987,248.566904001844,258.230625871583
"Current health expenditure per capita, PPP (current international $)",SH.XPD.CHEX.PP.CD,Middle East & North Africa,MEA,485.224077456775,533.001775494536,536.212512463186,537.712088867426,558.210192006142,569.179877945666,600.550543934444,636.3450905138,650.588600571079,792.020715343515,780.415473226684,802.581451676538,833.141404829241,895.309434458621,1002.10024485117,1108.28950342541,1267.26638841997
"Current health expenditure per capita, PPP (current international $)",SH.XPD.CHEX.PP.CD,Middle East & North Africa (excluding high income),MNA,336.870183280529,374.218459601339,382.989920212493,391.887197818362,416.64160305107,430.67285532609,453.25947894642,486.120003131002,514.525668800081,602.655839770436,617.530170678363,625.813227752417,631.496853631138,651.167263591711,715.024946673528,769.758188156714,932.576873166602
"Current health expenditure per capita, PPP (current international $)",SH.XPD.CHEX.PP.CD,Middle East & North Africa (IDA & IBRD countries),TMN,336.870183280528,374.218459601339,382.989920212493,391.887197818362,416.64160305107,430.67285532609,453.25947894642,486.120003131002,514.525668800081,602.655839770435,617.530170678363,625.813227752417,631.496853631138,651.167263591711,715.024946673527,769.758188156714,932.576873166603
"Current health expenditure per capita, PPP (current international $)",SH.XPD.CHEX.PP.CD,Middle income,MIC,191.915849231077,205.843334737263,215.45420093823,230.538041815615,246.337617779276,267.47840049541,293.694001914478,317.865035698337,344.622601646323,381.048069822781,391.521392868887,417.437336352723,449.872615506975,486.132368704024,517.877402267636,550.214730950034,572.900704532786
"Current health expenditure per capita, PPP (current international $)",SH.XPD.CHEX.PP.CD,North America,NAC,4355.05687609513,4689.4280994455,5079.41885905673,5464.66091147244,5806.85516444194,6143.39552059768,6499.64770644243,6832.1556893708,7060.30381022694,7331.44210780748,7566.34073302755,7747.77501597725,7999.34242301727,8195.15545041572,8586.46390071146,9014.00705205984,9378.13930148715
"Current health expenditure per capita, PPP (current international $)",SH.XPD.CHEX.PP.CD,Not classified,INX,..,..,..,..,..,..,..,..,..,..,..,..,..,..,..,..,..
"Current health expenditure per capita, PPP (current international $)",SH.XPD.CHEX.PP.CD,OECD members,OED,2267.95924396785,2434.65099030309,2613.83153061776,2779.87441095892,2944.63606423592,3102.33962180654,3312.09550485314,3489.98130057625,3664.14044603522,3830.14643305642,3956.74219835713,4127.94140854182,4258.7618715777,4405.00257380351,4564.82207752133,4748.95585775289,4918.91446985203
"Current health expenditure per capita, PPP (current international $)",SH.XPD.CHEX.PP.CD,Other small states,OSS,489.937323360642,524.090003067671,570.789844168155,613.703467893799,633.774198753347,627.566361726396,662.540473690917,720.8136616933,760.371025730829,838.976797529369,818.942511501318,819.336155130014,860.651355286634,950.471679984992,1020.14333920194,1176.42282626525,1204.51186617981
"Current health expenditure per capita, PPP (current international $)",SH.XPD.CHEX.PP.CD,Pacific island small states,PSS,167.23603839329,163.720900573956,179.141293840568,175.368759529959,204.314233137905,231.852070167661,233.513707009909,234.667645587361,229.770317829439,241.260009248919,252.494912854042,235.757653141419,239.000454228146,250.504137715284,259.925775614469,266.200136763893,270.993886803696
"Current health expenditure per capita, PPP (current international $)",SH.XPD.CHEX.PP.CD,Post-demographic dividend,PST,2567.61204013765,2762.80402627144,2974.86301104058,3170.50133437915,3360.14051768145,3550.97994042579,3793.0076438987,4000.4425872251,4199.53997649299,4395.0347996134,4547.33261606114,4753.06076512263,4906.88901191506,5079.54153183129,5280.962031789,5506.42507095148,5704.3031893289
"Current health expenditure per capita, PPP (current international $)",SH.XPD.CHEX.PP.CD,Pre-demographic dividend,PRE,73.1618532521231,80.1342580769591,79.65654244862,104.825216503657,128.347929806122,134.646079826827,138.935793457667,155.913705034622,155.593862081359,175.725868138541,170.637893162922,179.863702877725,180.467554970895,196.195180038091,207.627145592506,226.63553170433,234.451453942524
"Current health expenditure per capita, PPP (current international $)",SH.XPD.CHEX.PP.CD,Small states,SST,461.335654574976,481.274739891195,526.007906850257,559.451959165393,590.107554777025,593.825937733389,622.963483788671,679.890995833493,709.758327519931,785.005070266908,770.524559971149,768.747881159953,802.475307214665,876.952410209674,935.145441904105,1069.80658996816,1099.46607218831
"Current health expenditure per capita, PPP (current international $)",SH.XPD.CHEX.PP.CD,South Asia,SAS,83.7480485690145,91.1501017904051,94.3551288060752,95.0982691547244,102.462813371766,109.438912497287,115.264685641654,123.042656713094,127.152466249229,133.064071973977,135.194751413374,138.81436492767,150.003198768184,178.203556684373,187.126353124233,200.147892243065,211.69398727901
"Current health expenditure per capita, PPP (current international $)",SH.XPD.CHEX.PP.CD,South Asia (IDA & IBRD),TSA,83.7480485690145,91.1501017904051,94.3551288060752,95.0982691547244,102.462813371766,109.438912497287,115.264685641654,123.042656713094,127.152466249229,133.064071973977,135.194751413374,138.81436492767,150.003198768184,178.203556684373,187.126353124233,200.147892243065,211.69398727901
"Current health expenditure per capita, PPP (current international $)",SH.XPD.CHEX.PP.CD,Sub-Saharan Africa,SSF,107.825117616136,115.41057872482,113.014671207406,132.4510357425,147.69237998578,159.138263418519,163.82488455453,178.779657174304,179.530566885783,196.706897183068,199.146412206837,210.424507805742,212.901265148334,224.107061117109,236.135514847282,252.731455287744,253.365128349432
"Current health expenditure per capita, PPP (current international $)",SH.XPD.CHEX.PP.CD,Sub-Saharan Africa (excluding high income),SSA,107.446914840986,115.006337007308,112.563739031507,131.997945828848,147.214929055507,158.616194076769,163.278267022567,178.231411625647,178.849967831453,195.987515622897,198.302626149892,209.621040831969,212.047870122284,223.155848083097,234.939840783003,251.469140972943,252.042907622193
"Current health expenditure per capita, PPP (current international $)",SH.XPD.CHEX.PP.CD,Sub-Saharan Africa (IDA & IBRD countries),TSS,107.825117616136,115.41057872482,113.014671207406,132.4510357425,147.69237998578,159.138263418519,163.82488455453,178.779657174304,179.530566885783,196.706897183068,199.146412206837,210.424507805742,212.901265148334,224.107061117109,236.135514847282,252.731455287744,253.365128349432
"Current health expenditure per capita, PPP (current international $)",SH.XPD.CHEX.PP.CD,Upper middle income,UMC,272.243354083841,289.925060156049,306.668568781243,327.008379372369,350.656620282711,383.232768166052,427.02067670166,466.461468841983,513.858467201749,576.253621515576,596.059774244876,641.806692864816,693.244107304166,743.128556382318,799.50785672661,849.766118297489,887.498430533973
"Current health expenditure per capita, PPP (current international $)",SH.XPD.CHEX.PP.CD,World,WLD,600.480473729723,641.91093527662,679.750153628149,718.301102765028,759.57104079897,803.111613594385,859.705898475477,909.756116756564,959.108653672374,1019.20804559925,1044.555289904,1091.82970496196,1137.42278018363,1192.62190677503,1245.92627179361,1303.8051345448,1352.62809176305
,,,,,,,,,,,,,,,,,,,,
,,,,,,,,,,,,,,,,,,,,
,,,,,,,,,,,,,,,,,,,,
Data from database: World Development Indicators,,,,,,,,,,,,,,,,,,,,
Last Updated: 04/26/2021,,,,,,,,,,,,,,,,,,,,
